image_id,disaster_type,original_path,hazy_path,severity,base_transmission,atmospheric_light
img-1290,accidents,/kaggle/working/disaster_experiment/original/accidents/img-1290.jpg,/kaggle/working/disaster_experiment/hazy/accidents/img-1290.jpg,moderate,0.6249080237694725,0.9703964964693566
img-1296,accidents,/kaggle/working/disaster_experiment/original/accidents/img-1296.jpg,/kaggle/working/disaster_experiment/hazy/accidents/img-1296.jpg,moderate,0.6416373773475785,0.8710067218201344
img-1298,accidents,/kaggle/working/disaster_experiment/original/accidents/img-1298.jpg,/kaggle/working/disaster_experiment/hazy/accidents/img-1298.jpg,moderate,0.6144161150632532,0.9627698416778063
img-1304,accidents,/kaggle/working/disaster_experiment/original/accidents/img-1304.jpg,/kaggle/working/disaster_experiment/hazy/accidents/img-1304.jpg,moderate,0.5689973289954625,0.922160078627121
img-1308,accidents,/kaggle/working/disaster_experiment/original/accidents/img-1308.jpg,/kaggle/working/disaster_experiment/hazy/accidents/img-1308.jpg,moderate,0.5591704036749403,0.9896511714473685
img-1319,accidents,/kaggle/working/disaster_experiment/original/accidents/img-1319.jpg,/kaggle/working/disaster_experiment/hazy/accidents/img-1319.jpg,moderate,0.6673540784987791,0.9946529344960249
img-1333,accidents,/kaggle/working/disaster_experiment/original/accidents/img-1333.jpg,/kaggle/working/disaster_experiment/hazy/accidents/img-1333.jpg,moderate,0.6974709620049723,0.966315944459001
img-1336,accidents,/kaggle/working/disaster_experiment/original/accidents/img-1336.jpg,/kaggle/working/disaster_experiment/hazy/accidents/img-1336.jpg,moderate,0.5798349428908511,0.9638164584083208
img-1342,accidents,/kaggle/working/disaster_experiment/original/accidents/img-1342.jpg,/kaggle/working/disaster_experiment/hazy/accidents/img-1342.jpg,moderate,0.6846468794990482,0.9922852353207244
img-259,accidents,/kaggle/working/disaster_experiment/original/accidents/img-259.jpg,/kaggle/working/disaster_experiment/hazy/accidents/img-259.jpg,moderate,0.5979032686894699,0.9287505796471004
img-1019,earthquake,/kaggle/working/disaster_experiment/original/earthquake/img-1019.jpg,/kaggle/working/disaster_experiment/hazy/earthquake/img-1019.jpg,moderate,0.734453953785345,0.9030982880874542
img-1020,earthquake,/kaggle/working/disaster_experiment/original/earthquake/img-1020.jpg,/kaggle/working/disaster_experiment/hazy/earthquake/img-1020.jpg,moderate,0.6299592818905341,0.9071906217389407
img-1028,earthquake,/kaggle/working/disaster_experiment/original/earthquake/img-1028.jpg,/kaggle/working/disaster_experiment/hazy/earthquake/img-1028.jpg,moderate,0.7143996280758391,0.946524987002415
img-1037,earthquake,/kaggle/working/disaster_experiment/original/earthquake/img-1037.jpg,/kaggle/working/disaster_experiment/hazy/earthquake/img-1037.jpg,moderate,0.7118426719152323,0.9661180573891082
img-1043,earthquake,/kaggle/working/disaster_experiment/original/earthquake/img-1043.jpg,/kaggle/working/disaster_experiment/hazy/earthquake/img-1043.jpg,moderate,0.6940819613980019,0.9304672664223379
img-1044,earthquake,/kaggle/working/disaster_experiment/original/earthquake/img-1044.jpg,/kaggle/working/disaster_experiment/hazy/earthquake/img-1044.jpg,moderate,0.5691340313009305,0.9736958741037873
img-1047,earthquake,/kaggle/working/disaster_experiment/original/earthquake/img-1047.jpg,/kaggle/working/disaster_experiment/hazy/earthquake/img-1047.jpg,moderate,0.6844442597972773,0.9504876083526407
img-1056,earthquake,/kaggle/working/disaster_experiment/original/earthquake/img-1056.jpg,/kaggle/working/disaster_experiment/hazy/earthquake/img-1056.jpg,moderate,0.7070755847848477,0.9161410716668368
img-1067,earthquake,/kaggle/working/disaster_experiment/original/earthquake/img-1067.jpg,/kaggle/working/disaster_experiment/hazy/earthquake/img-1067.jpg,moderate,0.6123169965216442,0.916178767515483
img-1073,earthquake,/kaggle/working/disaster_experiment/original/earthquake/img-1073.jpg,/kaggle/working/disaster_experiment/hazy/earthquake/img-1073.jpg,moderate,0.6575276126011667,0.857254987078511
img-1081,earthquake,/kaggle/working/disaster_experiment/original/earthquake/img-1081.jpg,/kaggle/working/disaster_experiment/hazy/earthquake/img-1081.jpg,moderate,0.7135752399901141,0.8824022358445639
img-1092,earthquake,/kaggle/working/disaster_experiment/original/earthquake/img-1092.jpg,/kaggle/working/disaster_experiment/hazy/earthquake/img-1092.jpg,moderate,0.5995119706831131,0.9672161691574606
img-1095,earthquake,/kaggle/working/disaster_experiment/original/earthquake/img-1095.jpg,/kaggle/working/disaster_experiment/hazy/earthquake/img-1095.jpg,moderate,0.7156607993015703,0.9317981334074019
img-1099,earthquake,/kaggle/working/disaster_experiment/original/earthquake/img-1099.jpg,/kaggle/working/disaster_experiment/hazy/earthquake/img-1099.jpg,moderate,0.7273866106276137,0.8998240798839998
img-1100,earthquake,/kaggle/working/disaster_experiment/original/earthquake/img-1100.jpg,/kaggle/working/disaster_experiment/hazy/earthquake/img-1100.jpg,moderate,0.6380643740203282,0.8736723060890675
img-224,earthquake,/kaggle/working/disaster_experiment/original/earthquake/img-224.jpg,/kaggle/working/disaster_experiment/hazy/earthquake/img-224.jpg,moderate,0.7305620937817875,0.9206641273309722
img-233,earthquake,/kaggle/working/disaster_experiment/original/earthquake/img-233.jpg,/kaggle/working/disaster_experiment/hazy/earthquake/img-233.jpg,moderate,0.6176386397002285,0.897817742939004
img-239,earthquake,/kaggle/working/disaster_experiment/original/earthquake/img-239.jpg,/kaggle/working/disaster_experiment/hazy/earthquake/img-239.jpg,moderate,0.7110654615973101,0.9673552535169015
img-243,earthquake,/kaggle/working/disaster_experiment/original/earthquake/img-243.jpg,/kaggle/working/disaster_experiment/hazy/earthquake/img-243.jpg,moderate,0.6081034046789504,0.8796495698122325
img-254,earthquake,/kaggle/working/disaster_experiment/original/earthquake/img-254.jpg,/kaggle/working/disaster_experiment/hazy/earthquake/img-254.jpg,moderate,0.7082058910626482,0.9000120239948828
img-257,earthquake,/kaggle/working/disaster_experiment/original/earthquake/img-257.jpg,/kaggle/working/disaster_experiment/hazy/earthquake/img-257.jpg,moderate,0.6118891597318256,0.8558718858307779
img-338,earthquake,/kaggle/working/disaster_experiment/original/earthquake/img-338.jpg,/kaggle/working/disaster_experiment/hazy/earthquake/img-338.jpg,moderate,0.7215362573751078,0.9256316881590589
img-354,earthquake,/kaggle/working/disaster_experiment/original/earthquake/img-354.jpg,/kaggle/working/disaster_experiment/hazy/earthquake/img-354.jpg,moderate,0.5562474333454078,0.8734640280230757
img-355,earthquake,/kaggle/working/disaster_experiment/original/earthquake/img-355.jpg,/kaggle/working/disaster_experiment/hazy/earthquake/img-355.jpg,moderate,0.6840795851526613,0.8583782772580617
img-369,earthquake,/kaggle/working/disaster_experiment/original/earthquake/img-369.jpg,/kaggle/working/disaster_experiment/hazy/earthquake/img-369.jpg,moderate,0.6204262031160569,0.875574231391474
img-371,earthquake,/kaggle/working/disaster_experiment/original/earthquake/img-371.jpg,/kaggle/working/disaster_experiment/hazy/earthquake/img-371.jpg,moderate,0.5776932920263252,0.9335422029881875
img-372,earthquake,/kaggle/working/disaster_experiment/original/earthquake/img-372.jpg,/kaggle/working/disaster_experiment/hazy/earthquake/img-372.jpg,moderate,0.6519503556592101,0.9845474452659987
img-374,earthquake,/kaggle/working/disaster_experiment/original/earthquake/img-374.jpg,/kaggle/working/disaster_experiment/hazy/earthquake/img-374.jpg,moderate,0.650278166669849,0.899259003122983
img-375,earthquake,/kaggle/working/disaster_experiment/original/earthquake/img-375.jpg,/kaggle/working/disaster_experiment/hazy/earthquake/img-375.jpg,moderate,0.6738857452325533,0.9570473181104165
img-376,earthquake,/kaggle/working/disaster_experiment/original/earthquake/img-376.jpg,/kaggle/working/disaster_experiment/hazy/earthquake/img-376.jpg,moderate,0.6465259119135759,0.8865187972028331
img-377,earthquake,/kaggle/working/disaster_experiment/original/earthquake/img-377.jpg,/kaggle/working/disaster_experiment/hazy/earthquake/img-377.jpg,moderate,0.6172258186176394,0.9516850597042502
img-381,earthquake,/kaggle/working/disaster_experiment/original/earthquake/img-381.jpg,/kaggle/working/disaster_experiment/hazy/earthquake/img-381.jpg,moderate,0.5989787536494483,0.907941365155036
img-392,earthquake,/kaggle/working/disaster_experiment/original/earthquake/img-392.jpg,/kaggle/working/disaster_experiment/hazy/earthquake/img-392.jpg,moderate,0.7231707113257464,0.8540923415223057
img-415,earthquake,/kaggle/working/disaster_experiment/original/earthquake/img-415.jpg,/kaggle/working/disaster_experiment/hazy/earthquake/img-415.jpg,moderate,0.5597960621163696,0.8938585026647237
img-425,earthquake,/kaggle/working/disaster_experiment/original/earthquake/img-425.jpg,/kaggle/working/disaster_experiment/hazy/earthquake/img-425.jpg,moderate,0.5975211208337272,0.8808136945226219
img-439,earthquake,/kaggle/working/disaster_experiment/original/earthquake/img-439.jpg,/kaggle/working/disaster_experiment/hazy/earthquake/img-439.jpg,moderate,0.6461628381698858,0.8677989963142515
img-440,earthquake,/kaggle/working/disaster_experiment/original/earthquake/img-440.jpg,/kaggle/working/disaster_experiment/hazy/earthquake/img-440.jpg,moderate,0.707543227656859,0.8931799171959425
img-444,earthquake,/kaggle/working/disaster_experiment/original/earthquake/img-444.jpg,/kaggle/working/disaster_experiment/hazy/earthquake/img-444.jpg,moderate,0.6989996877597482,0.8877412372357485
img-447,earthquake,/kaggle/working/disaster_experiment/original/earthquake/img-447.jpg,/kaggle/working/disaster_experiment/hazy/earthquake/img-447.jpg,moderate,0.7457432212896999,0.9727836654505436
img-451,earthquake,/kaggle/working/disaster_experiment/original/earthquake/img-451.jpg,/kaggle/working/disaster_experiment/hazy/earthquake/img-451.jpg,moderate,0.6277620823446843,0.9716918397222876
img-454,earthquake,/kaggle/working/disaster_experiment/original/earthquake/img-454.jpg,/kaggle/working/disaster_experiment/hazy/earthquake/img-454.jpg,moderate,0.6138734089012753,0.9076459486232306
img-464,earthquake,/kaggle/working/disaster_experiment/original/earthquake/img-464.jpg,/kaggle/working/disaster_experiment/hazy/earthquake/img-464.jpg,moderate,0.5968729398004038,0.9448731366155059
img-471,earthquake,/kaggle/working/disaster_experiment/original/earthquake/img-471.jpg,/kaggle/working/disaster_experiment/hazy/earthquake/img-471.jpg,moderate,0.6941633618135168,0.8602319105683709
img-474,earthquake,/kaggle/working/disaster_experiment/original/earthquake/img-474.jpg,/kaggle/working/disaster_experiment/hazy/earthquake/img-474.jpg,moderate,0.6207039311577148,0.9612912061931516
img-476,earthquake,/kaggle/working/disaster_experiment/original/earthquake/img-476.jpg,/kaggle/working/disaster_experiment/hazy/earthquake/img-476.jpg,moderate,0.6722501790134593,0.9220088899017727
img-491,earthquake,/kaggle/working/disaster_experiment/original/earthquake/img-491.jpg,/kaggle/working/disaster_experiment/hazy/earthquake/img-491.jpg,moderate,0.7431678210269663,0.9569598469479467
img-493,earthquake,/kaggle/working/disaster_experiment/original/earthquake/img-493.jpg,/kaggle/working/disaster_experiment/hazy/earthquake/img-493.jpg,moderate,0.6244976748270714,0.9293170710529469
img-495,earthquake,/kaggle/working/disaster_experiment/original/earthquake/img-495.jpg,/kaggle/working/disaster_experiment/hazy/earthquake/img-495.jpg,moderate,0.5997344708353312,0.8520004178446735
img-497,earthquake,/kaggle/working/disaster_experiment/original/earthquake/img-497.jpg,/kaggle/working/disaster_experiment/hazy/earthquake/img-497.jpg,moderate,0.6669069847871684,0.9895672370607927
img-507,earthquake,/kaggle/working/disaster_experiment/original/earthquake/img-507.jpg,/kaggle/working/disaster_experiment/hazy/earthquake/img-507.jpg,moderate,0.7111686138728396,0.9303655089078692
img-519,earthquake,/kaggle/working/disaster_experiment/original/earthquake/img-519.jpg,/kaggle/working/disaster_experiment/hazy/earthquake/img-519.jpg,moderate,0.6170318317659532,0.9813831958570449
img-524,earthquake,/kaggle/working/disaster_experiment/original/earthquake/img-524.jpg,/kaggle/working/disaster_experiment/hazy/earthquake/img-524.jpg,moderate,0.5788886909271356,0.8780613075908028
img-537,earthquake,/kaggle/working/disaster_experiment/original/earthquake/img-537.jpg,/kaggle/working/disaster_experiment/hazy/earthquake/img-537.jpg,moderate,0.7171604046914786,0.9860660394806886
img-549,earthquake,/kaggle/working/disaster_experiment/original/earthquake/img-549.jpg,/kaggle/working/disaster_experiment/hazy/earthquake/img-549.jpg,moderate,0.5500855393547841,0.9511937267689474
img-565,earthquake,/kaggle/working/disaster_experiment/original/earthquake/img-565.jpg,/kaggle/working/disaster_experiment/hazy/earthquake/img-565.jpg,moderate,0.6443997973931622,0.9310122667975717
img-570,earthquake,/kaggle/working/disaster_experiment/original/earthquake/img-570.jpg,/kaggle/working/disaster_experiment/hazy/earthquake/img-570.jpg,moderate,0.7052245190507925,0.998777072819242
img-576,earthquake,/kaggle/working/disaster_experiment/original/earthquake/img-576.jpg,/kaggle/working/disaster_experiment/hazy/earthquake/img-576.jpg,moderate,0.7328062258117576,0.9613995899235594
img-580,earthquake,/kaggle/working/disaster_experiment/original/earthquake/img-580.jpg,/kaggle/working/disaster_experiment/hazy/earthquake/img-580.jpg,moderate,0.6768985733773422,0.8813174412354652
img-596,earthquake,/kaggle/working/disaster_experiment/original/earthquake/img-596.jpg,/kaggle/working/disaster_experiment/hazy/earthquake/img-596.jpg,moderate,0.5512608094185155,0.9048262879970084
img-617,earthquake,/kaggle/working/disaster_experiment/original/earthquake/img-617.jpg,/kaggle/working/disaster_experiment/hazy/earthquake/img-617.jpg,moderate,0.7318937742820192,0.9050245311730273
img-630,earthquake,/kaggle/working/disaster_experiment/original/earthquake/img-630.jpg,/kaggle/working/disaster_experiment/hazy/earthquake/img-630.jpg,moderate,0.624977840570958,0.9502088986267018
img-1209,fire,/kaggle/working/disaster_experiment/original/fire/img-1209.jpg,/kaggle/working/disaster_experiment/hazy/fire/img-1209.jpg,moderate,0.7009446980229046,0.8828186879819367
img-1218,fire,/kaggle/working/disaster_experiment/original/fire/img-1218.jpg,/kaggle/working/disaster_experiment/hazy/fire/img-1218.jpg,moderate,0.597887580443832,0.8605571269961203
img-1226,fire,/kaggle/working/disaster_experiment/original/fire/img-1226.jpg,/kaggle/working/disaster_experiment/hazy/fire/img-1226.jpg,moderate,0.6326623253370385,0.9670151387392364
img-1252,fire,/kaggle/working/disaster_experiment/original/fire/img-1252.jpg,/kaggle/working/disaster_experiment/hazy/fire/img-1252.jpg,moderate,0.6961341148282504,0.9207857283205697
img-1280,fire,/kaggle/working/disaster_experiment/original/fire/img-1280.jpg,/kaggle/working/disaster_experiment/hazy/fire/img-1280.jpg,moderate,0.5544225961242439,0.89149759281045
img-1284,fire,/kaggle/working/disaster_experiment/original/fire/img-1284.jpg,/kaggle/working/disaster_experiment/hazy/fire/img-1284.jpg,moderate,0.6703819348838242,0.9998792035798161
img-279,fire,/kaggle/working/disaster_experiment/original/fire/img-279.jpg,/kaggle/working/disaster_experiment/hazy/fire/img-279.jpg,moderate,0.7403096309908523,0.989740172345436
img-287,fire,/kaggle/working/disaster_experiment/original/fire/img-287.jpg,/kaggle/working/disaster_experiment/hazy/fire/img-287.jpg,moderate,0.6653392951320172,0.9991508829292122
img-294,fire,/kaggle/working/disaster_experiment/original/fire/img-294.jpg,/kaggle/working/disaster_experiment/hazy/fire/img-294.jpg,moderate,0.6922014497196528,0.8670605040925857
img-301,fire,/kaggle/working/disaster_experiment/original/fire/img-301.jpg,/kaggle/working/disaster_experiment/hazy/fire/img-301.jpg,moderate,0.7225429947070394,0.9435288454532443
img-306,fire,/kaggle/working/disaster_experiment/original/fire/img-306.jpg,/kaggle/working/disaster_experiment/hazy/fire/img-306.jpg,moderate,0.5851189260814744,0.8698710405798785
img-311,fire,/kaggle/working/disaster_experiment/original/fire/img-311.jpg,/kaggle/working/disaster_experiment/hazy/fire/img-311.jpg,moderate,0.6537093666939275,0.882561918057687
img-315,fire,/kaggle/working/disaster_experiment/original/fire/img-315.jpg,/kaggle/working/disaster_experiment/hazy/fire/img-315.jpg,moderate,0.7121313448250107,0.9427110758188679
img-317,fire,/kaggle/working/disaster_experiment/original/fire/img-317.jpg,/kaggle/working/disaster_experiment/hazy/fire/img-317.jpg,moderate,0.6643420013843225,0.8644792891746047
img-319,fire,/kaggle/working/disaster_experiment/original/fire/img-319.jpg,/kaggle/working/disaster_experiment/hazy/fire/img-319.jpg,moderate,0.5925539079208182,0.9139112109300981
img-320,fire,/kaggle/working/disaster_experiment/original/fire/img-320.jpg,/kaggle/working/disaster_experiment/hazy/fire/img-320.jpg,moderate,0.6599886418504326,0.9693926693280026
img-326,fire,/kaggle/working/disaster_experiment/original/fire/img-326.jpg,/kaggle/working/disaster_experiment/hazy/fire/img-326.jpg,moderate,0.6658172855442919,0.8742085576978706
img-893,fire,/kaggle/working/disaster_experiment/original/fire/img-893.jpg,/kaggle/working/disaster_experiment/hazy/fire/img-893.jpg,moderate,0.6789457822091852,0.9889239362026367
img-948,fire,/kaggle/working/disaster_experiment/original/fire/img-948.jpg,/kaggle/working/disaster_experiment/hazy/fire/img-948.jpg,moderate,0.650987500482719,0.9409812367706216
img-1012,flood,/kaggle/working/disaster_experiment/original/flood/img-1012.jpg,/kaggle/working/disaster_experiment/hazy/flood/img-1012.jpg,moderate,0.6112829700398843,0.9765413355945459
img-108,flood,/kaggle/working/disaster_experiment/original/flood/img-108.jpg,/kaggle/working/disaster_experiment/hazy/flood/img-108.jpg,moderate,0.7231837337538005,0.9981397557114317
img-112,flood,/kaggle/working/disaster_experiment/original/flood/img-112.jpg,/kaggle/working/disaster_experiment/hazy/flood/img-112.jpg,moderate,0.5725167458058382,0.8955713250927428
img-1136,flood,/kaggle/working/disaster_experiment/original/flood/img-1136.jpg,/kaggle/working/disaster_experiment/hazy/flood/img-1136.jpg,moderate,0.7020674623069082,0.93030820739624
img-1138,flood,/kaggle/working/disaster_experiment/original/flood/img-1138.jpg,/kaggle/working/disaster_experiment/hazy/flood/img-1138.jpg,moderate,0.6909147278916529,0.9289631545336431
img-1140,flood,/kaggle/working/disaster_experiment/original/flood/img-1140.jpg,/kaggle/working/disaster_experiment/hazy/flood/img-1140.jpg,moderate,0.5745349976861397,0.8947606356578162
img-1147,flood,/kaggle/working/disaster_experiment/original/flood/img-1147.jpg,/kaggle/working/disaster_experiment/hazy/flood/img-1147.jpg,moderate,0.7061161182932896,0.9267954976248883
img-1153,flood,/kaggle/working/disaster_experiment/original/flood/img-1153.jpg,/kaggle/working/disaster_experiment/hazy/flood/img-1153.jpg,moderate,0.7381870790684376,0.9015074478667715
img-1154,flood,/kaggle/working/disaster_experiment/original/flood/img-1154.jpg,/kaggle/working/disaster_experiment/hazy/flood/img-1154.jpg,moderate,0.6598778078931268,0.9231267530939679
img-1186,flood,/kaggle/working/disaster_experiment/original/flood/img-1186.jpg,/kaggle/working/disaster_experiment/hazy/flood/img-1186.jpg,moderate,0.6801652525670854,0.8756954447036273
img-1189,flood,/kaggle/working/disaster_experiment/original/flood/img-1189.jpg,/kaggle/working/disaster_experiment/hazy/flood/img-1189.jpg,moderate,0.7003011525299768,0.9311775816133882
img-1192,flood,/kaggle/working/disaster_experiment/original/flood/img-1192.jpg,/kaggle/working/disaster_experiment/hazy/flood/img-1192.jpg,moderate,0.5815570760390599,0.8582073382205396
img-1207,flood,/kaggle/working/disaster_experiment/original/flood/img-1207.jpg,/kaggle/working/disaster_experiment/hazy/flood/img-1207.jpg,moderate,0.6900155300520554,0.88664648434873
img-136,flood,/kaggle/working/disaster_experiment/original/flood/img-136.jpg,/kaggle/working/disaster_experiment/hazy/flood/img-136.jpg,moderate,0.6728036476287406,0.910111392624094
img-145,flood,/kaggle/working/disaster_experiment/original/flood/img-145.jpg,/kaggle/working/disaster_experiment/hazy/flood/img-145.jpg,moderate,0.6912588255477898,0.9330051904564242
img-148,flood,/kaggle/working/disaster_experiment/original/flood/img-148.jpg,/kaggle/working/disaster_experiment/hazy/flood/img-148.jpg,moderate,0.7412988772123177,0.9104476714707829
img-149,flood,/kaggle/working/disaster_experiment/original/flood/img-149.jpg,/kaggle/working/disaster_experiment/hazy/flood/img-149.jpg,moderate,0.5737363203047325,0.854452552201372
img-159,flood,/kaggle/working/disaster_experiment/original/flood/img-159.jpg,/kaggle/working/disaster_experiment/hazy/flood/img-159.jpg,moderate,0.563909757673328,0.8553580825006712
img-163,flood,/kaggle/working/disaster_experiment/original/flood/img-163.jpg,/kaggle/working/disaster_experiment/hazy/flood/img-163.jpg,moderate,0.6929428862661031,0.8720257744478723
img-176,flood,/kaggle/working/disaster_experiment/original/flood/img-176.jpg,/kaggle/working/disaster_experiment/hazy/flood/img-176.jpg,moderate,0.6168322426261446,0.9693563989389572
img-178,flood,/kaggle/working/disaster_experiment/original/flood/img-178.jpg,/kaggle/working/disaster_experiment/hazy/flood/img-178.jpg,moderate,0.7269980895892065,0.8659409967045444
img-180,flood,/kaggle/working/disaster_experiment/original/flood/img-180.jpg,/kaggle/working/disaster_experiment/hazy/flood/img-180.jpg,moderate,0.6379554175044116,0.8759252734492835
img-187,flood,/kaggle/working/disaster_experiment/original/flood/img-187.jpg,/kaggle/working/disaster_experiment/hazy/flood/img-187.jpg,moderate,0.6156268958380982,0.9869549315821013
img-204,flood,/kaggle/working/disaster_experiment/original/flood/img-204.jpg,/kaggle/working/disaster_experiment/hazy/flood/img-204.jpg,moderate,0.6986302606225475,0.9430601485956146
img-214,flood,/kaggle/working/disaster_experiment/original/flood/img-214.jpg,/kaggle/working/disaster_experiment/hazy/flood/img-214.jpg,moderate,0.6998097407399354,0.8584628592207137
img-216,flood,/kaggle/working/disaster_experiment/original/flood/img-216.jpg,/kaggle/working/disaster_experiment/hazy/flood/img-216.jpg,moderate,0.5600027949331824,0.9009764934494915
img-219,flood,/kaggle/working/disaster_experiment/original/flood/img-219.jpg,/kaggle/working/disaster_experiment/hazy/flood/img-219.jpg,moderate,0.5639699650087525,0.9606910518459228
img-220,flood,/kaggle/working/disaster_experiment/original/flood/img-220.jpg,/kaggle/working/disaster_experiment/hazy/flood/img-220.jpg,moderate,0.7294023268762873,0.9446505076431074
img-894,flood,/kaggle/working/disaster_experiment/original/flood/img-894.jpg,/kaggle/working/disaster_experiment/hazy/flood/img-894.jpg,moderate,0.5589508419495111,0.9821537342851129
img-897,flood,/kaggle/working/disaster_experiment/original/flood/img-897.jpg,/kaggle/working/disaster_experiment/hazy/flood/img-897.jpg,moderate,0.7328107400034132,0.8513581780500526
img-906,flood,/kaggle/working/disaster_experiment/original/flood/img-906.jpg,/kaggle/working/disaster_experiment/hazy/flood/img-906.jpg,moderate,0.6270553015836532,0.8674010496230957
img-918,flood,/kaggle/working/disaster_experiment/original/flood/img-918.jpg,/kaggle/working/disaster_experiment/hazy/flood/img-918.jpg,moderate,0.7427058080023872,0.9049879450544376
img-921,flood,/kaggle/working/disaster_experiment/original/flood/img-921.jpg,/kaggle/working/disaster_experiment/hazy/flood/img-921.jpg,moderate,0.6287352027351866,0.9677927309331241
img-937,flood,/kaggle/working/disaster_experiment/original/flood/img-937.jpg,/kaggle/working/disaster_experiment/hazy/flood/img-937.jpg,moderate,0.6066099975534833,0.8949312823182497
img-943,flood,/kaggle/working/disaster_experiment/original/flood/img-943.jpg,/kaggle/working/disaster_experiment/hazy/flood/img-943.jpg,moderate,0.6561068441316035,0.9034783852573902
img-951,flood,/kaggle/working/disaster_experiment/original/flood/img-951.jpg,/kaggle/working/disaster_experiment/hazy/flood/img-951.jpg,moderate,0.609835530639259,0.9553815964428537
img-963,flood,/kaggle/working/disaster_experiment/original/flood/img-963.jpg,/kaggle/working/disaster_experiment/hazy/flood/img-963.jpg,moderate,0.6059474343401801,0.8655541433985714
img-966,flood,/kaggle/working/disaster_experiment/original/flood/img-966.jpg,/kaggle/working/disaster_experiment/hazy/flood/img-966.jpg,moderate,0.7279549695586316,0.8665131863454641
img-969,flood,/kaggle/working/disaster_experiment/original/flood/img-969.jpg,/kaggle/working/disaster_experiment/hazy/flood/img-969.jpg,moderate,0.6344913775044451,0.9510202672995315
img-981,flood,/kaggle/working/disaster_experiment/original/flood/img-981.jpg,/kaggle/working/disaster_experiment/hazy/flood/img-981.jpg,moderate,0.597563420622173,0.9452182818577743
img-994,flood,/kaggle/working/disaster_experiment/original/flood/img-994.jpg,/kaggle/working/disaster_experiment/hazy/flood/img-994.jpg,moderate,0.6877540000285107,0.9681733286521206
img-53,hurricane,/kaggle/working/disaster_experiment/original/hurricane/img-53.jpg,/kaggle/working/disaster_experiment/hazy/hurricane/img-53.jpg,moderate,0.7021850076769706,0.8622866881911834
img-56,hurricane,/kaggle/working/disaster_experiment/original/hurricane/img-56.jpg,/kaggle/working/disaster_experiment/hazy/hurricane/img-56.jpg,moderate,0.6729045933167912,0.883010686755931
img-63,hurricane,/kaggle/working/disaster_experiment/original/hurricane/img-63.jpg,/kaggle/working/disaster_experiment/hazy/hurricane/img-63.jpg,moderate,0.5843343061535169,0.8500515657663624
img-67,hurricane,/kaggle/working/disaster_experiment/original/hurricane/img-67.jpg,/kaggle/working/disaster_experiment/hazy/hurricane/img-67.jpg,moderate,0.5762342098797544,0.8690307076945194
img-716,hurricane,/kaggle/working/disaster_experiment/original/hurricane/img-716.jpg,/kaggle/working/disaster_experiment/hazy/hurricane/img-716.jpg,moderate,0.6354056989312655,0.8969904858024631
img-717,hurricane,/kaggle/working/disaster_experiment/original/hurricane/img-717.jpg,/kaggle/working/disaster_experiment/hazy/hurricane/img-717.jpg,moderate,0.6704255358465632,0.9393186170224034
img-72,hurricane,/kaggle/working/disaster_experiment/original/hurricane/img-72.jpg,/kaggle/working/disaster_experiment/hazy/hurricane/img-72.jpg,moderate,0.6841825610029666,0.9998869571743836
img-726,hurricane,/kaggle/working/disaster_experiment/original/hurricane/img-726.jpg,/kaggle/working/disaster_experiment/hazy/hurricane/img-726.jpg,moderate,0.6318687348581644,0.8839316603754253
img-731,hurricane,/kaggle/working/disaster_experiment/original/hurricane/img-731.jpg,/kaggle/working/disaster_experiment/hazy/hurricane/img-731.jpg,moderate,0.6882615802564241,0.9419665269773297
img-750,hurricane,/kaggle/working/disaster_experiment/original/hurricane/img-750.jpg,/kaggle/working/disaster_experiment/hazy/hurricane/img-750.jpg,moderate,0.6671182193434559,0.9441354923782111
img-759,hurricane,/kaggle/working/disaster_experiment/original/hurricane/img-759.jpg,/kaggle/working/disaster_experiment/hazy/hurricane/img-759.jpg,moderate,0.6427504118693013,0.8525757798745702
img-761,hurricane,/kaggle/working/disaster_experiment/original/hurricane/img-761.jpg,/kaggle/working/disaster_experiment/hazy/hurricane/img-761.jpg,moderate,0.5612889902533964,0.9565030281689761
img-763,hurricane,/kaggle/working/disaster_experiment/original/hurricane/img-763.jpg,/kaggle/working/disaster_experiment/hazy/hurricane/img-763.jpg,moderate,0.6326395687741695,0.9536551485396246
img-765,hurricane,/kaggle/working/disaster_experiment/original/hurricane/img-765.jpg,/kaggle/working/disaster_experiment/hazy/hurricane/img-765.jpg,moderate,0.5827679007815162,0.8534045739443814
img-768,hurricane,/kaggle/working/disaster_experiment/original/hurricane/img-768.jpg,/kaggle/working/disaster_experiment/hazy/hurricane/img-768.jpg,moderate,0.7412238826791399,0.8688436302734172
img-775,hurricane,/kaggle/working/disaster_experiment/original/hurricane/img-775.jpg,/kaggle/working/disaster_experiment/hazy/hurricane/img-775.jpg,moderate,0.6213319008211432,0.8934423654789532
img-78,hurricane,/kaggle/working/disaster_experiment/original/hurricane/img-78.jpg,/kaggle/working/disaster_experiment/hazy/hurricane/img-78.jpg,moderate,0.7360788073772979,0.9751869456215139
img-790,hurricane,/kaggle/working/disaster_experiment/original/hurricane/img-790.jpg,/kaggle/working/disaster_experiment/hazy/hurricane/img-790.jpg,moderate,0.7475679159731268,0.8825819068155137
img-805,hurricane,/kaggle/working/disaster_experiment/original/hurricane/img-805.jpg,/kaggle/working/disaster_experiment/hazy/hurricane/img-805.jpg,moderate,0.5988797772098503,0.9525498594529271
img-806,hurricane,/kaggle/working/disaster_experiment/original/hurricane/img-806.jpg,/kaggle/working/disaster_experiment/hazy/hurricane/img-806.jpg,moderate,0.6760642604866651,0.9874363704306681
img-824,hurricane,/kaggle/working/disaster_experiment/original/hurricane/img-824.jpg,/kaggle/working/disaster_experiment/hazy/hurricane/img-824.jpg,moderate,0.6872272005989662,0.9031908469527167
img-825,hurricane,/kaggle/working/disaster_experiment/original/hurricane/img-825.jpg,/kaggle/working/disaster_experiment/hazy/hurricane/img-825.jpg,moderate,0.7279254074031226,0.8912640008951677
img-829,hurricane,/kaggle/working/disaster_experiment/original/hurricane/img-829.jpg,/kaggle/working/disaster_experiment/hazy/hurricane/img-829.jpg,moderate,0.5618972112559795,0.9071980621056626
img-830,hurricane,/kaggle/working/disaster_experiment/original/hurricane/img-830.jpg,/kaggle/working/disaster_experiment/hazy/hurricane/img-830.jpg,moderate,0.5919468548012267,0.8928962295412595
img-845,hurricane,/kaggle/working/disaster_experiment/original/hurricane/img-845.jpg,/kaggle/working/disaster_experiment/hazy/hurricane/img-845.jpg,moderate,0.681915455041696,0.9448461338812587
img-849,hurricane,/kaggle/working/disaster_experiment/original/hurricane/img-849.jpg,/kaggle/working/disaster_experiment/hazy/hurricane/img-849.jpg,moderate,0.5744516328131911,0.9369215236038378
img-850,hurricane,/kaggle/working/disaster_experiment/original/hurricane/img-850.jpg,/kaggle/working/disaster_experiment/hazy/hurricane/img-850.jpg,moderate,0.5915392631116866,0.9453193816231764
img-851,hurricane,/kaggle/working/disaster_experiment/original/hurricane/img-851.jpg,/kaggle/working/disaster_experiment/hazy/hurricane/img-851.jpg,moderate,0.593207484093148,0.9579342296801352
img-866,hurricane,/kaggle/working/disaster_experiment/original/hurricane/img-866.jpg,/kaggle/working/disaster_experiment/hazy/hurricane/img-866.jpg,moderate,0.6333084935673133,0.9016700341339587
img-871,hurricane,/kaggle/working/disaster_experiment/original/hurricane/img-871.jpg,/kaggle/working/disaster_experiment/hazy/hurricane/img-871.jpg,moderate,0.6997961526340319,0.9087286116753771
img-911,hurricane,/kaggle/working/disaster_experiment/original/hurricane/img-911.jpg,/kaggle/working/disaster_experiment/hazy/hurricane/img-911.jpg,moderate,0.7425859166063391,0.9418420927368335
img-917,hurricane,/kaggle/working/disaster_experiment/original/hurricane/img-917.jpg,/kaggle/working/disaster_experiment/hazy/hurricane/img-917.jpg,moderate,0.7323512726582954,0.9676655628554662
img-929,hurricane,/kaggle/working/disaster_experiment/original/hurricane/img-929.jpg,/kaggle/working/disaster_experiment/hazy/hurricane/img-929.jpg,moderate,0.5921714275963366,0.9516244078835092
img-93,hurricane,/kaggle/working/disaster_experiment/original/hurricane/img-93.jpg,/kaggle/working/disaster_experiment/hazy/hurricane/img-93.jpg,moderate,0.6808795534584169,0.8724796585117863
img-94,hurricane,/kaggle/working/disaster_experiment/original/hurricane/img-94.jpg,/kaggle/working/disaster_experiment/hazy/hurricane/img-94.jpg,moderate,0.6003745147056124,0.8974152687890029
img-954,hurricane,/kaggle/working/disaster_experiment/original/hurricane/img-954.jpg,/kaggle/working/disaster_experiment/hazy/hurricane/img-954.jpg,moderate,0.6976271136873287,0.9580450891892258
img-962,hurricane,/kaggle/working/disaster_experiment/original/hurricane/img-962.jpg,/kaggle/working/disaster_experiment/hazy/hurricane/img-962.jpg,moderate,0.673709444907088,0.951630957938612
img-968,hurricane,/kaggle/working/disaster_experiment/original/hurricane/img-968.jpg,/kaggle/working/disaster_experiment/hazy/hurricane/img-968.jpg,moderate,0.5740436523856111,0.9887702227179098
img-1003,landslide,/kaggle/working/disaster_experiment/original/landslide/img-1003.jpg,/kaggle/working/disaster_experiment/hazy/landslide/img-1003.jpg,moderate,0.6930730237613439,0.906374858671957
img-14,landslide,/kaggle/working/disaster_experiment/original/landslide/img-14.jpg,/kaggle/working/disaster_experiment/hazy/landslide/img-14.jpg,moderate,0.6765789271251925,0.9245527088109166
img-19,landslide,/kaggle/working/disaster_experiment/original/landslide/img-19.jpg,/kaggle/working/disaster_experiment/hazy/landslide/img-19.jpg,moderate,0.7193829648220602,0.8791203663102184
img-21,landslide,/kaggle/working/disaster_experiment/original/landslide/img-21.jpg,/kaggle/working/disaster_experiment/hazy/landslide/img-21.jpg,moderate,0.5890077537601699,0.8698838386190422
img-43,landslide,/kaggle/working/disaster_experiment/original/landslide/img-43.jpg,/kaggle/working/disaster_experiment/hazy/landslide/img-43.jpg,moderate,0.6964661154038885,0.9696820421577114
img-45,landslide,/kaggle/working/disaster_experiment/original/landslide/img-45.jpg,/kaggle/working/disaster_experiment/hazy/landslide/img-45.jpg,moderate,0.7471630694235212,0.9300056977251818
img-6,landslide,/kaggle/working/disaster_experiment/original/landslide/img-6.jpg,/kaggle/working/disaster_experiment/hazy/landslide/img-6.jpg,moderate,0.7236153620707398,0.9424161901379727
img-1380,other,/kaggle/working/disaster_experiment/original/other/img-1380.jpg,/kaggle/working/disaster_experiment/hazy/other/img-1380.jpg,moderate,0.6682350568172029,0.9315679014615088
img-1381,other,/kaggle/working/disaster_experiment/original/other/img-1381.jpg,/kaggle/working/disaster_experiment/hazy/other/img-1381.jpg,moderate,0.7268248207156529,0.8702382956236808
img-1370,other_disasters,/kaggle/working/disaster_experiment/original/other_disasters/img-1370.jpg,/kaggle/working/disaster_experiment/hazy/other_disasters/img-1370.jpg,moderate,0.608935090144024,0.9160215014683961
img-1371,other_disasters,/kaggle/working/disaster_experiment/original/other_disasters/img-1371.jpg,/kaggle/working/disaster_experiment/hazy/other_disasters/img-1371.jpg,moderate,0.6408653756223535,0.9224193614233678
img-1390,other_disasters,/kaggle/working/disaster_experiment/original/other_disasters/img-1390.jpg,/kaggle/working/disaster_experiment/hazy/other_disasters/img-1390.jpg,moderate,0.6452470351885716,0.8732487344574815
img-263,other_disasters,/kaggle/working/disaster_experiment/original/other_disasters/img-263.jpg,/kaggle/working/disaster_experiment/hazy/other_disasters/img-263.jpg,moderate,0.7327008593539217,0.9935843879047999
img-268,other_disasters,/kaggle/working/disaster_experiment/original/other_disasters/img-268.jpg,/kaggle/working/disaster_experiment/hazy/other_disasters/img-268.jpg,moderate,0.5782297309996295,0.8848607602934796
img-273,other_disasters,/kaggle/working/disaster_experiment/original/other_disasters/img-273.jpg,/kaggle/working/disaster_experiment/hazy/other_disasters/img-273.jpg,moderate,0.5776623717227176,0.9605371150058368
img-1091,storm,/kaggle/working/disaster_experiment/original/storm/img-1091.jpg,/kaggle/working/disaster_experiment/hazy/storm/img-1091.jpg,moderate,0.6969018438304242,0.9012559776168384
img-1124,storm,/kaggle/working/disaster_experiment/original/storm/img-1124.jpg,/kaggle/working/disaster_experiment/hazy/storm/img-1124.jpg,moderate,0.6679109703377221,0.88743587957385
img-1126,storm,/kaggle/working/disaster_experiment/original/storm/img-1126.jpg,/kaggle/working/disaster_experiment/hazy/storm/img-1126.jpg,moderate,0.6622979105912378,0.8894008453145721
img-1135,storm,/kaggle/working/disaster_experiment/original/storm/img-1135.jpg,/kaggle/working/disaster_experiment/hazy/storm/img-1135.jpg,moderate,0.5651235626184524,0.9212534330040806
img-1208,storm,/kaggle/working/disaster_experiment/original/storm/img-1208.jpg,/kaggle/working/disaster_experiment/hazy/storm/img-1208.jpg,moderate,0.6660493314526784,0.8809098642561491
img-1332,storm,/kaggle/working/disaster_experiment/original/storm/img-1332.jpg,/kaggle/working/disaster_experiment/hazy/storm/img-1332.jpg,moderate,0.7076603280553909,0.9728276381566424
img-1394,storm,/kaggle/working/disaster_experiment/original/storm/img-1394.jpg,/kaggle/working/disaster_experiment/hazy/storm/img-1394.jpg,moderate,0.6522781294697184,0.9596628998686485
img-649,wildfire,/kaggle/working/disaster_experiment/original/wildfire/img-649.jpg,/kaggle/working/disaster_experiment/hazy/wildfire/img-649.jpg,moderate,0.6413956908100352,0.9303562650792546
img-654,wildfire,/kaggle/working/disaster_experiment/original/wildfire/img-654.jpg,/kaggle/working/disaster_experiment/hazy/wildfire/img-654.jpg,moderate,0.7165975704227304,0.970990469413465
img-662,wildfire,/kaggle/working/disaster_experiment/original/wildfire/img-662.jpg,/kaggle/working/disaster_experiment/hazy/wildfire/img-662.jpg,moderate,0.5938545977850052,0.9389451725190823
img-668,wildfire,/kaggle/working/disaster_experiment/original/wildfire/img-668.jpg,/kaggle/working/disaster_experiment/hazy/wildfire/img-668.jpg,moderate,0.6844856960139106,0.9561919456557915
img-675,wildfire,/kaggle/working/disaster_experiment/original/wildfire/img-675.jpg,/kaggle/working/disaster_experiment/hazy/wildfire/img-675.jpg,moderate,0.6965799891158367,0.8690887503431395
img-682,wildfire,/kaggle/working/disaster_experiment/original/wildfire/img-682.jpg,/kaggle/working/disaster_experiment/hazy/wildfire/img-682.jpg,moderate,0.640589915159039,0.8518140740551069
img-685,wildfire,/kaggle/working/disaster_experiment/original/wildfire/img-685.jpg,/kaggle/working/disaster_experiment/hazy/wildfire/img-685.jpg,moderate,0.6272997878037767,0.8597092602557415
img-699,wildfire,/kaggle/working/disaster_experiment/original/wildfire/img-699.jpg,/kaggle/working/disaster_experiment/hazy/wildfire/img-699.jpg,moderate,0.6998347687760014,0.9770858980438756
