disaster_type,images,hazy_psnr,restored_psnr,psnr_improvement,hazy_ssim,restored_ssim,ssim_improvement
accidents,10,13.30651490732276,23.13523890996408,9.828724002641318,0.7486048,0.9082717,0.15966694
earthquake,61,15.15113713571035,24.853648302104457,9.702511166394109,0.81838566,0.94139284,0.12300727
fire,19,14.296282833825154,22.985181460948876,8.688898627123722,0.7817527,0.9019196,0.12016694
flood,41,15.45247365938407,24.663578920640894,9.211105261256822,0.8332397,0.93764216,0.104402475
hurricane,38,14.95597808408577,23.151248921937924,8.195270837852155,0.8113213,0.9227613,0.11144002
landslide,7,15.537957634571674,25.222963219638725,9.68500558506705,0.83060914,0.9490467,0.118437566
other,2,17.19434789453777,26.532582213475827,9.338234318938056,0.8769629,0.94321716,0.06625423
other_disasters,6,14.688726064956855,23.14082564203646,8.452099577079606,0.8039043,0.91751176,0.11360744
storm,7,17.888774121316256,25.54080847085746,7.6520343495412035,0.8741254,0.95217794,0.07805248
wildfire,8,13.809913226450448,21.691891369215675,7.881978142765226,0.70628625,0.8460719,0.13978565
