image_id,disaster_type,hazy_psnr,hazy_ssim,restored_psnr,restored_ssim,psnr_improvement,ssim_improvement
img-1308,accidents,11.326413889388768,0.70065355,21.295656362278407,0.9008481,9.96924247288964,0.20019454
img-1336,accidents,13.199682282195715,0.8017625,22.942351886614716,0.9130463,9.742669604419001,0.11128378
img-1290,accidents,12.939433144144061,0.75511575,23.474994093789377,0.9254121,10.535560949645316,0.17029637
img-1342,accidents,15.88574975286848,0.83162063,25.634212852317823,0.9300506,9.748463099449344,0.09842998
img-1304,accidents,13.210349267161607,0.77747107,20.44090495417809,0.89646095,7.2305556870164835,0.118989885
img-1298,accidents,13.17774880921251,0.79514056,21.643221364835927,0.930741,8.465472555623418,0.13560045
img-1333,accidents,14.28464916447184,0.7395606,24.095103316872112,0.88628095,9.810454152400272,0.14672035
img-1319,accidents,11.925887870605392,0.63694936,20.136715392682074,0.8296326,8.210827522076682,0.19268322
img-259,accidents,10.975997193327593,0.6023908,25.090392847501285,0.9146888,14.114395654173691,0.312298
img-1296,accidents,16.13923769985164,0.84538263,26.598836028570965,0.9555555,10.459598328719323,0.11017287
img-425,earthquake,13.212356426626377,0.7454367,26.927358893128392,0.952207,13.715002466502016,0.2067703
img-376,earthquake,14.876311243449967,0.8150461,26.040298958622223,0.95356184,11.163987715172256,0.13851577
img-355,earthquake,15.74072708003179,0.8209426,23.911394202668085,0.91819304,8.170667122636294,0.09725046
img-1092,earthquake,11.708389956436768,0.7757135,19.953347708859678,0.9387986,8.24495775242291,0.1630851
img-519,earthquake,13.98109673343078,0.83368474,20.310947128127257,0.9250529,6.329850394696477,0.09136814
img-254,earthquake,16.252154915933225,0.8152395,26.050445740301598,0.9434274,9.798290824368372,0.1281879
img-454,earthquake,13.140999237503843,0.7574784,24.719139880414495,0.9422477,11.578140642910652,0.18476927
img-369,earthquake,17.004201654575,0.86315304,23.47789928936839,0.9415253,6.4736976347933926,0.07837224
img-239,earthquake,17.635688236332943,0.91658586,28.048384574630106,0.98022205,10.412696338297163,0.063636184
img-371,earthquake,13.09746747782803,0.7748122,22.058510769200538,0.9073927,8.961043291372508,0.13258046
img-1047,earthquake,14.987188692913328,0.8352216,20.682908966857013,0.91530806,5.695720273943685,0.08008647
img-440,earthquake,16.76628222897059,0.8551678,26.89736276101861,0.9578174,10.13108053204802,0.10264957
img-497,earthquake,14.826941700397061,0.85446143,26.611259417219564,0.9682055,11.784317716822503,0.11374408
img-377,earthquake,11.043803820347435,0.57779187,21.89341500040274,0.82224864,10.849611180055305,0.24445677
img-476,earthquake,15.619565073094607,0.85610896,20.382176554458358,0.9233165,4.76261148136375,0.067207515
img-596,earthquake,12.705797783685682,0.7561192,27.99879272811748,0.9613251,15.292994944431797,0.20520592
img-549,earthquake,11.411087269867759,0.6972483,19.92048029270105,0.8863221,8.509393022833292,0.1890738
img-375,earthquake,13.690872701979355,0.7829757,24.581456117032197,0.94598204,10.890583415052841,0.16300637
img-630,earthquake,12.92863055642691,0.76600504,24.115034402526305,0.94120365,11.186403846099395,0.17519861
img-1044,earthquake,13.478187616622758,0.836243,20.665675386086953,0.93977815,7.1874877694641945,0.103535175
img-447,earthquake,16.017108170931525,0.8887469,25.104135252471895,0.97341514,9.08702708154037,0.08466822
img-524,earthquake,13.573111872996472,0.79139614,24.350794520725103,0.9413218,10.77768264772863,0.14992565
img-1081,earthquake,15.486762966719533,0.7865022,28.27811025175375,0.9547283,12.791347285034215,0.16822612
img-1043,earthquake,15.913598074651361,0.8583917,23.54325419504271,0.9310041,7.629656120391349,0.072612405
img-1099,earthquake,18.552463695947164,0.90024287,24.65876429506843,0.96168643,6.1063005991212655,0.061443567
img-1037,earthquake,16.6290914796067,0.8734265,25.270954677265692,0.9538849,8.641863197658992,0.0804584
img-570,earthquake,15.38268903511497,0.82877046,27.424232165461625,0.95794445,12.041543130346655,0.129174
img-493,earthquake,13.086057881854767,0.7528858,23.14272987938257,0.92432994,10.056671997527804,0.17144412
img-257,earthquake,13.535560028971274,0.74192876,25.15462139201547,0.92895883,11.619061363044198,0.18703008
img-1020,earthquake,14.215915873045525,0.796556,23.834542861586534,0.9346799,9.61862698854101,0.13812393
img-372,earthquake,14.495980521596854,0.8425129,23.464130925619465,0.9498691,8.96815040402261,0.10735619
img-1100,earthquake,16.52716084998795,0.875967,25.24218182669948,0.9582129,8.715020976711529,0.08224589
img-617,earthquake,15.441399689737874,0.8072962,25.368805045643672,0.94363475,9.927405355905798,0.13633853
img-243,earthquake,15.784363458203131,0.8435834,25.986061920862635,0.96240014,10.201698462659504,0.11881673
img-537,earthquake,13.766499185641583,0.7031255,23.657465905543532,0.8878052,9.890966719901948,0.18467975
img-1073,earthquake,14.917946241117154,0.8153879,30.10125296951509,0.9723224,15.183306728397937,0.1569345
img-580,earthquake,15.684882228181085,0.82202095,25.97161364428554,0.94924945,10.286731416104455,0.1272285
img-576,earthquake,16.922452896235335,0.87146324,26.06924432369265,0.96003073,9.146791427457316,0.088567495
img-1095,earthquake,16.80664206506955,0.86746216,23.631528642103735,0.93976814,6.824886577034185,0.07230598
img-444,earthquake,18.125917827099435,0.89625865,22.578141163021854,0.9169033,4.452223335922419,0.020644665
img-507,earthquake,16.17344109882395,0.86252373,25.774596949640454,0.9544673,9.601155850816504,0.09194356
img-1028,earthquake,21.178489375000254,0.954261,28.755439941026808,0.98217505,7.576950566026554,0.027914047
img-1067,earthquake,11.349386525967704,0.5758999,25.546195204706912,0.8564191,14.196808678739208,0.2805192
img-565,earthquake,13.448089037090245,0.7665674,23.61278784139021,0.9338706,10.164698804299967,0.1673032
img-1056,earthquake,15.62245513457232,0.854369,27.08016448610262,0.9652858,11.457709351530301,0.11091679
img-233,earthquake,14.827121126030757,0.82453585,25.937014992770735,0.95875335,11.109893866739977,0.1342175
img-495,earthquake,12.844818206063199,0.6871469,25.287407970361198,0.9023509,12.442589764297999,0.215204
img-474,earthquake,14.30056856889071,0.82977647,23.337157334596785,0.9482386,9.036588765706075,0.118462145
img-354,earthquake,14.561838680527918,0.8314052,26.954133063648943,0.96351504,12.392294383121024,0.13210982
img-491,earthquake,16.48187789530523,0.88602537,23.47356654729222,0.95609933,6.991688651986987,0.07007396
img-464,earthquake,13.776628567680655,0.8124488,21.936237492413134,0.93351054,8.15960892473248,0.12106174
img-338,earthquake,21.036318490889172,0.95133686,23.90360371854227,0.941905,2.867285227653099,-0.009431839
img-392,earthquake,18.726503231024985,0.90438026,27.9529831875343,0.965801,9.226479956509316,0.06142074
img-451,earthquake,13.623091441007112,0.7960245,27.592969022092536,0.9651454,13.969877581085424,0.16912091
img-381,earthquake,13.748645428368318,0.7753017,23.887851946898667,0.92091346,10.139206518530349,0.14561176
img-224,earthquake,18.215078995577915,0.91825676,27.236427277402928,0.97314197,9.021348281825013,0.05488521
img-1019,earthquake,18.570634773154094,0.8949065,28.733063356960233,0.965277,10.16242858380614,0.070370495
img-374,earthquake,15.750774659228565,0.86762744,27.84120182720343,0.97637844,12.090427167974866,0.108751
img-415,earthquake,13.398155239184344,0.77282923,25.634618913393435,0.9471051,12.23646367420909,0.17427588
img-471,earthquake,16.907041394702944,0.84975076,21.748415563690365,0.899602,4.8413741689874215,0.04985124
img-439,earthquake,14.705052960077493,0.8067886,25.76785516120134,0.94872576,11.062802201123846,0.14193714
img-326,fire,15.073840450742216,0.81808186,21.713363807367408,0.91933584,6.639523356625192,0.10125399
img-301,fire,15.531832221671237,0.837895,25.151995507033327,0.9552527,9.62016328536209,0.11735773
img-287,fire,18.146247126987124,0.9213171,28.661610449062263,0.9732394,10.515363322075139,0.05192232
img-311,fire,13.388210824957818,0.7705634,23.940471439634653,0.9316714,10.552260614676834,0.16110796
img-893,fire,13.153311206327025,0.7675664,20.856116838048354,0.9123416,7.702805631721329,0.14477521
img-1218,fire,12.586562461750308,0.71982414,21.208213692074366,0.8693916,8.621651230324058,0.14956748
img-948,fire,13.42525641991215,0.8028469,24.437183297925337,0.9439349,11.011926878013186,0.14108801
img-1226,fire,12.37732934548613,0.6762629,22.213058778586966,0.84180355,9.835729433100836,0.16554064
img-294,fire,14.210140741425292,0.6816247,17.1464855766962,0.7386419,2.9363448352709085,0.057017207
img-1252,fire,14.708226758501926,0.75747824,24.715533590989605,0.8986542,10.007306832487679,0.14117599
img-1280,fire,10.558378207167372,0.55957454,16.54900191241156,0.7075839,5.990623705244186,0.14800936
img-279,fire,14.346000943830886,0.73777205,26.663568794683794,0.92367333,12.317567850852909,0.18590128
img-317,fire,14.331118714067468,0.7430291,21.6396713808583,0.88088727,7.308552666790831,0.13785815
img-320,fire,15.726291366852742,0.8981142,21.777761949862274,0.9510655,6.051470583009532,0.052951276
img-319,fire,11.330940521590554,0.67730975,18.283295908396934,0.85312265,6.95235538680638,0.1758129
img-306,fire,13.932614819683753,0.8544285,22.673193988242616,0.9508193,8.740579168558863,0.096390784
img-315,fire,16.494570225315385,0.86721164,30.329148729314248,0.9729624,13.834578503998863,0.10575074
img-1209,fire,18.316305530444822,0.91913444,25.350643595372503,0.96571773,7.034338064927681,0.046583295
img-1284,fire,13.99219595596373,0.84326583,23.40812852146795,0.94637346,9.415932565504221,0.10310763
img-1136,flood,14.22807627587121,0.74112606,24.385902514535246,0.92366886,10.157826238664036,0.1825428
img-897,flood,18.84642012275867,0.9254443,28.560326104429414,0.96887225,9.713905981670745,0.043427944
img-178,flood,19.617557753328867,0.9398536,33.10950754953196,0.9860711,13.491949796203095,0.0462175
img-149,flood,15.426116251230395,0.8790317,26.784332980053843,0.96647906,11.358216728823448,0.087447345
img-1140,flood,16.017623561612588,0.86818415,22.036100107771965,0.9336915,6.018476546159377,0.06550735
img-1154,flood,17.366279759748366,0.8816741,21.428980718130568,0.9412859,4.062700958382202,0.059611797
img-994,flood,15.6880467002886,0.8770912,25.952891009184018,0.9710919,10.264844308895418,0.0940007
img-963,flood,12.773040033991201,0.7269068,21.464969889139617,0.88877565,8.691929855148416,0.16186887
img-145,flood,15.925914790411124,0.89807194,22.057587783742157,0.95368916,6.131672993331033,0.055617213
img-1189,flood,16.11359621470649,0.8512347,23.33142592458662,0.9299695,7.217829709880128,0.078734815
img-981,flood,13.660111014306848,0.81722635,21.60145694407209,0.93575853,7.941345929765243,0.11853218
img-219,flood,11.422537342611719,0.717557,23.14210949244643,0.9286153,11.719572149834711,0.21105826
img-187,flood,13.50002858870507,0.8085305,20.656121891921376,0.91645175,7.156093303216306,0.10792124
img-163,flood,16.431845393457195,0.83661205,25.525535803989413,0.92873544,9.093690410532218,0.09212339
img-1153,flood,15.766125999070205,0.7796197,21.54714534832435,0.872679,5.781019349254144,0.0930593
img-921,flood,12.34220318759064,0.78643554,18.20784202566407,0.88792753,5.865638838073432,0.10149199
img-1192,flood,14.619823354721524,0.80766183,25.01888947364606,0.95280075,10.399066118924535,0.14513892
img-894,flood,8.733382050024213,0.44311213,20.24465951538772,0.7727198,11.511277465363507,0.32960767
img-906,flood,15.48118035025637,0.82073027,26.249209073673544,0.9316251,10.768028723417174,0.11089486
img-937,flood,17.52632924383024,0.9097069,27.857997626821454,0.9653373,10.331668382991214,0.055630386
img-136,flood,14.046761216683741,0.7267762,25.92962906570618,0.9202008,11.882867849022439,0.19342464
img-951,flood,12.325584014789253,0.7259813,19.321953219261406,0.86512357,6.996369204472153,0.13914227
img-918,flood,16.951385710849546,0.8670049,23.69415996589771,0.94010335,6.742774255048165,0.07309848
img-204,flood,15.286531118358608,0.8716006,28.077876383809365,0.9734318,12.791345265450756,0.1018312
img-1012,flood,14.938716244280608,0.86252356,22.427837158218114,0.92957133,7.489120913937507,0.067047775
img-969,flood,12.839495383794189,0.71800834,23.482057100344438,0.90403336,10.642561716550249,0.18602502
img-1138,flood,16.198376446310064,0.8635416,24.655286760562127,0.9437855,8.456910314252063,0.080243886
img-214,flood,20.045505051666265,0.94743675,27.03904224582601,0.9744435,6.993537194159746,0.027006745
img-180,flood,15.22203136433584,0.8333629,26.249371717285822,0.9504702,11.027340352949983,0.11710733
img-1186,flood,17.91426202268651,0.9088114,30.23862681719701,0.9834318,12.324364794510497,0.074620426
img-148,flood,16.513777600955606,0.84599286,20.34374754762949,0.91795325,3.8299699466738844,0.07196039
img-943,flood,18.32244717429453,0.89994127,25.654473244781105,0.9502252,7.332026070486574,0.05028391
img-1207,flood,15.550751169977135,0.8467982,23.026938041007774,0.9406958,7.47618687103064,0.09389764
img-108,flood,16.128331517462218,0.88606817,29.125690910601545,0.97518414,12.997359393139327,0.08911598
img-1147,flood,17.36929481278928,0.92139983,26.785739518289056,0.9776073,9.416444705499774,0.056207478
img-176,flood,14.613820130189119,0.86726063,26.537472861071922,0.9608779,11.923652730882804,0.09361726
img-216,flood,14.346857737541391,0.8464081,23.231336153438555,0.95779943,8.884478415897163,0.111391306
img-159,flood,13.92933268604864,0.8001573,25.030387703581315,0.93516636,11.101055017532675,0.13500905
img-220,flood,16.79707092727372,0.90317106,28.750495591679904,0.9776214,11.953424664406185,0.074450314
img-112,flood,12.789852461409833,0.75101423,23.147863255321568,0.9278569,10.358010793911735,0.17684269
img-966,flood,19.9349972545293,0.95375824,29.293758707714343,0.9815015,9.358761453185043,0.02774328
img-929,hurricane,15.325240069423856,0.9163394,21.642723795305795,0.9639411,6.317483725881939,0.0476017
img-871,hurricane,16.805017619984522,0.86336976,21.214315756678968,0.9048868,4.409298136694446,0.04151702
img-750,hurricane,15.104435391897614,0.81065017,21.49710761639942,0.8938751,6.392672224501805,0.08322495
img-968,hurricane,11.839414710298598,0.7715254,21.1477992382996,0.9348912,9.308384528001003,0.16336584
img-761,hurricane,14.795355771597908,0.8428809,24.741704520485822,0.9563467,9.946348748887914,0.113465786
img-851,hurricane,13.340349676293199,0.81088954,23.184759973610817,0.9523135,9.844410297317618,0.14142394
img-53,hurricane,15.321253604761507,0.8004124,25.57813961699711,0.9433635,10.256886012235602,0.14295107
img-716,hurricane,12.11579068619686,0.6766124,19.57457429369429,0.86868125,7.4587836074974305,0.19206887
img-775,hurricane,15.099805936906472,0.83700484,25.22117400778111,0.9386237,10.121368070874636,0.101618886
img-962,hurricane,15.973728509265012,0.89659643,27.29681097662578,0.9699417,11.323082467360766,0.073345244
img-845,hurricane,17.429177341470883,0.9091554,22.304703157533645,0.934844,4.875525816062762,0.025688589
img-866,hurricane,14.065403811518284,0.7954383,22.469883609475353,0.92751455,8.40447979795707,0.13207626
img-63,hurricane,17.060451110132057,0.88325053,24.74578593749767,0.95858884,7.685334827365612,0.075338304
img-93,hurricane,14.734978784051867,0.75153446,26.947477968731786,0.9327426,12.212499184679919,0.18120813
img-67,hurricane,15.704587723494697,0.87191933,22.158993961146752,0.9356567,6.454406237652055,0.06373739
img-805,hurricane,14.89706056562785,0.8407135,18.81255700571364,0.88410974,3.9154964400857892,0.043396235
img-726,hurricane,19.788808805611467,0.90571284,27.830826242491046,0.96539354,8.04201743687958,0.0596807
img-824,hurricane,13.678702569358256,0.7167356,19.872269489147655,0.8539093,6.193566919789399,0.13717371
img-765,hurricane,13.868431631378241,0.77129936,26.380707826399057,0.95765823,12.512276195020815,0.18635887
img-731,hurricane,15.237785137513981,0.81759834,23.136399791654995,0.9199045,7.898614654141014,0.10230613
img-829,hurricane,12.829106774785448,0.75590307,21.153775079701912,0.90715045,8.324668304916464,0.15124738
img-849,hurricane,12.020583182917173,0.77772516,17.051897793825468,0.8769533,5.031314610908295,0.09922814
img-717,hurricane,13.46708676304872,0.7448888,28.06129217481513,0.95593506,14.59420541176641,0.21104628
img-825,hurricane,20.094470190180193,0.9585402,21.001902083539385,0.9551754,0.9074318933591918,-0.0033648014
img-768,hurricane,14.914917769311895,0.61874163,29.512976249932137,0.90122056,14.598058480620242,0.28247893
img-850,hurricane,13.797064645204962,0.806403,23.179654367289903,0.9251484,9.38258972208494,0.118745446
img-806,hurricane,13.795251457677452,0.7935783,21.061518063413203,0.922918,7.266266605735751,0.1293397
img-78,hurricane,17.10856013449394,0.92158467,29.828456644669178,0.98294544,12.71989651017524,0.061360776
img-763,hurricane,13.09698610612153,0.78468627,22.901946694951818,0.9452641,9.804960588830287,0.16057783
img-790,hurricane,16.365846802892186,0.8126507,21.94295368284692,0.894605,5.577106879954734,0.0819543
img-911,hurricane,19.915642650354542,0.9611016,26.302580623148586,0.978904,6.386937972794044,0.017802417
img-759,hurricane,15.588588033775576,0.8459999,23.68999330237438,0.94144124,8.101405268598803,0.09544134
img-94,hurricane,12.571476821495304,0.7280546,24.059174846981676,0.9372179,11.487698025486372,0.20916331
img-72,hurricane,14.216644397460156,0.82602024,17.988054543120246,0.85847443,3.7714101456600897,0.032454193
img-917,hurricane,15.155795056910096,0.81555486,21.94974222429019,0.9202261,6.793947167380095,0.10467124
img-56,hurricane,15.297784598121464,0.8377213,21.420260064786714,0.90298134,6.12247546666525,0.06526005
img-954,hurricane,12.93330958101858,0.5921767,24.357703171927092,0.81080467,11.424393590908512,0.21862799
img-830,hurricane,12.972272772706878,0.75923944,18.52486263635686,0.85037786,5.552589863649983,0.09113842
img-14,landslide,15.052353551769496,0.806294,26.199748167998933,0.94173115,11.147394616229438,0.13543713
img-19,landslide,17.46577169862477,0.8861721,24.411052972826482,0.96083474,6.945281274201712,0.074662626
img-21,landslide,13.706606548894074,0.7615485,24.368001642802174,0.9098978,10.6613950939081,0.14834929
img-45,landslide,16.233448079452554,0.8494076,26.006982343303697,0.95750093,9.773534263851143,0.10809332
img-1003,landslide,15.168576728788572,0.8166047,26.898931324111842,0.96279067,11.73035459532327,0.146186
img-43,landslide,15.360495555153957,0.8620804,22.07828333567283,0.94995433,6.717787780518872,0.087873936
img-6,landslide,15.778451279318302,0.8321566,26.59774275075511,0.96061724,10.819291471436808,0.12846065
img-1380,other,14.866373126037505,0.81385773,22.263483637519272,0.9067774,7.397110511481767,0.09291965
img-1381,other,19.522322663038032,0.94006807,30.80168078943238,0.9796569,11.279358126394346,0.03958881
img-1371,other_disasters,17.868075416555932,0.91180396,22.816013293412514,0.96425647,4.947937876856582,0.052452505
img-263,other_disasters,17.190516852261844,0.898413,22.152176659296057,0.9448845,4.961659807034213,0.046471477
img-1390,other_disasters,15.798820748517464,0.8416106,25.319704569631117,0.9450667,9.520883821113653,0.10345608
img-273,other_disasters,11.462837699565895,0.64554805,15.872828979114757,0.7360639,4.409991279548862,0.09051585
img-1370,other_disasters,12.764495922995309,0.744329,25.91506189483792,0.95403165,13.15056597184261,0.20970267
img-268,other_disasters,13.047609749844684,0.7817213,26.769168455926398,0.9607673,13.721558706081714,0.17904603
img-1091,storm,15.280217971128904,0.8024454,25.42156755909298,0.93804044,10.141349587964077,0.13559502
img-1135,storm,25.17253534578896,0.9382344,32.74889268869594,0.9713262,7.576357342906981,0.033091784
img-1332,storm,13.587482611780787,0.7310899,24.000925898488582,0.9324629,10.413443286707794,0.20137298
img-1208,storm,17.62529498353648,0.8914245,25.67770657901919,0.96496767,8.05241159548271,0.07354319
img-1126,storm,19.603353360454154,0.97913486,17.430952141766426,0.91715956,-2.172401218687728,-0.0619753
img-1394,storm,18.085431949311243,0.935896,25.12776104279649,0.97694844,7.042329093485247,0.04105246
img-1124,storm,15.867102627213267,0.840653,28.37785338614261,0.96434027,12.510750758929344,0.12368727
img-682,wildfire,16.023716065781024,0.8664565,24.93431426573337,0.95708483,8.910598199952346,0.090628326
img-649,wildfire,11.801524662801143,0.53403074,21.65362252471203,0.75320965,9.852097861910888,0.21917892
img-662,wildfire,13.94993834371635,0.82234716,19.211755892265124,0.89970803,5.261817548548773,0.07736087
img-675,wildfire,15.141937804197685,0.68338686,21.272467539992373,0.7844147,6.130529735794688,0.10102785
img-668,wildfire,12.572362190913342,0.58919317,21.248269698126542,0.8061988,8.6759075072132,0.21700561
img-699,wildfire,14.579969575672354,0.8573753,21.206572245557457,0.92998964,6.626602669885102,0.07261431
img-654,wildfire,13.53767959550063,0.6074839,20.60384272205053,0.7431603,7.066163126549899,0.13567638
img-685,wildfire,12.872177573021052,0.69001627,23.40428606528796,0.89480925,10.532108492266907,0.20479298
